"Section number","Name","CovChkTc","Full path","Grade resolution","Namespace","PDF document summary","Status","Valid verification scopes","vPlan file name","Buckets filter","CheckType","CovType","Details","Implementation notes","Item details","Items filter","Items pattern","PDF spec location","PDF spec text","Priority","Section owner","Subcross","Association set","At least","Check must trace","Don't show in vManager","Effective actual instances","Effective scopes","Goal","Logical instances","Match kind","Parameters","Planned items","Relevant metrics","Verification scope","Weight","Checks summary","Coverage summary","Testcase summary"
,"I2C_spec_eplanner.vplan","","I2C_spec_eplanner.vplan","","I2C_spec_eplanner.vplan","UM10204.pdf (/home/lab/nsm/2/Downloads/UM10204.pdf)","","","/home/lab/nsm/2/Desktop/I2C_spec_eplanner.vplan","","","","","","","","","","","","","","","","","","","","","","","","","","","","60 total (0 mapped, 60 planned)","5 total (0 mapped, 5 planned)","34 total (0 mapped, 34 planned)"
1. ,"I2C-bus features","","I2C-bus features","","I2C_spec_eplanner.vplan","","","","","","","","","","","","","UM10204.pdf page 3","I2C-bus features ","","","","","","","","","","","","","","","","","","7 total (0 mapped, 7 planned)","0 total (0 mapped, 0 planned)","6 total (0 mapped, 6 planned)"
1.1. ,"chk_multiDevice","CHK","I2C-bus features/chk_multiDevice","","I2C_spec_eplanner.vplan","","Planned","","","","","","","","","","","UM10204.pdf page 4"," The number of ICs that can be connected to the same bus is limited only by a maximum bus capacitance. ","","","","","","","","","","","","","","","","","","","",""
1.2. ,"tst_standardModeSpeed(100kbit_slash_s)","TC","I2C-bus features/tst_standardModeSpeed(100kbit_slash_s)","","I2C_spec_eplanner.vplan","","Planned","","","","","","","","","","","UM10204.pdf page 4","can be made at up to 100 kbit/s in the Standard-mode,","","","","","","","","","","","","","","","","","","","",""
1.3. ,"tst_fastModeSpeed(400kbit_slash_s)","TC","I2C-bus features/tst_fastModeSpeed(400kbit_slash_s)","","I2C_spec_eplanner.vplan","","Planned","","","","","","","","","","","UM10204.pdf page 4","up to 400 kbit/s in the Fast-mode,","","","","","","","","","","","","","","","","","","","",""
1.4. ,"tst_fastModePlusSpeed(1Mbit_slash_s)","TC","I2C-bus features/tst_fastModePlusSpeed(1Mbit_slash_s)","","I2C_spec_eplanner.vplan","","Planned","","","","","","","","","","","UM10204.pdf page 4","up to 1 Mbit/s in Fast-mode Plus,","","","","","","","","","","","","","","","","","","","",""
1.5. ,"tst_highSpeedModeSpeed(3.4Mbit_slash_s)","TC","I2C-bus features/tst_highSpeedModeSpeed(3.4Mbit_slash_s)","","I2C_spec_eplanner.vplan","","Planned","","","","","","","","","","","UM10204.pdf page 4",", or up to 3.4 Mbit/s in the High-speed mode. ","","","","","","","","","","","","","","","","","","","",""
1.6. ,"tst_ultraFastModeSpeed(5Mbit_slash_s)","TC","I2C-bus features/tst_ultraFastModeSpeed(5Mbit_slash_s)","","I2C_spec_eplanner.vplan","","Planned","","","","","","","","","","","UM10204.pdf page 4"," Serial, 8-bit oriented, unidirectional data transfers up to 5 Mbit/s in Ultra Fast-mode ","","","","","","","","","","","","","","","","","","","",""
1.7. ,"chk_SDAandSCL","CHK","I2C-bus features/chk_SDAandSCL","","I2C_spec_eplanner.vplan","","Planned","","","","","","","","","","","UM10204.pdf page 3","Only two bus lines are required a serial data line (SDA) and a serial clock line (SCL). ","","","","","","","","","","","","","","","","","","","",""
1.8. ,"chk_addressExists","CHK","I2C-bus features/chk_addressExists","","I2C_spec_eplanner.vplan","","Planned","","","","","","","","","","","UM10204.pdf page 3"," Each device connected to the bus is software addressable by a unique address ","","","","","","","","","","","","","","","","","","","",""
1.9. ,"chk_controllerTransReceiv","CHK","I2C-bus features/chk_controllerTransReceiv","","I2C_spec_eplanner.vplan","","Planned","","","","","","","","","","","UM10204.pdf page 3"," controllers can operate as controller-transmitters or as controller-receivers.","","","","","","","","","","","","","","","","","","","",""
1.10. ,"chk_multiMaster","CHK","I2C-bus features/chk_multiMaster","","I2C_spec_eplanner.vplan","","Planned","","","","","","","","","","","UM10204.pdf page 3"," It is a true multi-controller bus i","","","","","","","","","","","","","","","","","","","",""
1.11. ,"chk_collisionDetecion","CHK","I2C-bus features/chk_collisionDetecion","","I2C_spec_eplanner.vplan","","Planned","","","","","","","","","","","UM10204.pdf page 3"," collision detection","","","","","","","","","","","","","","","","","","","",""
1.12. ,"chk_arbitration","TC","I2C-bus features/chk_arbitration","","I2C_spec_eplanner.vplan","","Planned","","","","","","","","","","","UM10204.pdf page 3"," arbitration ","","","","","","","","","","","","","","","","","","","",""
1.13. ,"chk_8bitDirectional","CHK","I2C-bus features/chk_8bitDirectional","","I2C_spec_eplanner.vplan","","Planned","","","","","","","","","","","UM10204.pdf page 4"," Serial, 8-bit oriented, bidirectional data transfers","","","","","","","","","","","","","","","","","","","",""
2. ,"The I2C-bus protocol","","The I2C-bus protocol","","I2C_spec_eplanner.vplan","","","","","","","","","","","","","UM10204.pdf page 6","3 The I2C-bus protocol ","","","","","","","","","","","","","","","","","","25 total (0 mapped, 25 planned)","2 total (0 mapped, 2 planned)","16 total (0 mapped, 16 planned)"
2.1. ,"Standard-mode, Fast-mode and Fast-mode Plus","","The I2C-bus protocol/Standard-mode, Fast-mode and Fast-mode Plus","","I2C_spec_eplanner.vplan","","","","","","","","","","","","","UM10204.pdf page 6","Standard-mode, Fast-mode and Fast-mode Plus I2C-bus protocols ","","","","","","","","","","","","","","","","","","3 total (0 mapped, 3 planned)","1 total (0 mapped, 1 planned)","2 total (0 mapped, 2 planned)"
2.1.1. ,"chk_controllerSpec","CHK","The I2C-bus protocol/Standard-mode, Fast-mode and Fast-mode Plus/chk_controllerSpec","","I2C_spec_eplanner.vplan","","Planned","","","","","","","","","","","UM10204.pdf page 6"," A controller is the device which initiates a data transfer on the bus and generates the clock signals to permit that transfer. ","","","","","","","","","","","","","","","","","","","",""
2.1.2. ,"chk_targetSpec","CHK","The I2C-bus protocol/Standard-mode, Fast-mode and Fast-mode Plus/chk_targetSpec","","I2C_spec_eplanner.vplan","","Planned","","","","","","","","","","","UM10204.pdf page 6","t that time, any device addressed is considered a target. ","","","","","","","","","","","","","","","","","","","",""
2.1.3. ,"tst_writeTransaction","TC","The I2C-bus protocol/Standard-mode, Fast-mode and Fast-mode Plus/tst_writeTransaction","","I2C_spec_eplanner.vplan","","Planned","","","","","","","","","","","UM10204.pdf page 7","Suppose microcontroller A wants to send information to microcontroller B: • microcontroller A (controller), addresses microcontroller B (target) • microcontroller A (controller-transmitter), sends data to microcontroller B (target- receiver) • microcontroller A terminates the transfer. ","","","","","","","","","","","","","","","","","","","",""
2.1.4. ,"tst_readTransaction","TC","The I2C-bus protocol/Standard-mode, Fast-mode and Fast-mode Plus/tst_readTransaction","","I2C_spec_eplanner.vplan","","Planned","","","","","","","","","","","UM10204.pdf page 7"," If microcontroller A wants to receive information from microcontroller B: • microcontroller A (controller) addresses microcontroller B (target) • microcontroller A (controller-receiver) receives data from microcontroller B (target- transmitter) • microcontroller A terminates the transfer. ","","","","","","","","","","","","","","","","","","","",""
2.1.5. ,"chk_controllerGenTiming","CHK","The I2C-bus protocol/Standard-mode, Fast-mode and Fast-mode Plus/chk_controllerGenTiming","","I2C_spec_eplanner.vplan","","Planned","","","","","","","","","","","UM10204.pdf page 7","Even in this case, the controller (microcontroller A) generates the timing and terminates the transfer. ","","","","","","","","","","","","","","","","","","","",""
2.1.6. ,"cov_applicableI2CFeatures","COV","The I2C-bus protocol/Standard-mode, Fast-mode and Fast-mode Plus/cov_applicableI2CFeatures","","I2C_spec_eplanner.vplan","","Planned","","","","","","","","","","","UM10204.pdf page 7","Feature Single controller Multi-controller Target[1] START condition M M M STOP condition M M M Acknowledge M M M Synchronization n/a M n/a Arbitration n/a M n/a Clock stretching O[2] O[2] O 7-bit target address M M M 10-bit target address O O O General Call address O O O Software Reset O O O START byte n/a O[3] n/a Table 3.?Applicability of I2C-bus protocol features UM10204 All information provided in this document is subject to legal disclaimers. © NXP B.V. 2021. All rights reserved. User manual Rev. 7.0 — 1 October 2021 7 / 62 NXP Semiconductors UM10204 I2C-bus specification and user manual M = mandatory O = optional n/a = not applicable. Configuration Feature Single controller Multi-controller Target[1] Device ID n/a n/a O ","","","","","","","","","","","","","","","","","","","",""
2.2. ,"SDA and SCL signals","","The I2C-bus protocol/SDA and SCL signals","","I2C_spec_eplanner.vplan","","","","","","","","","","","","","UM10204.pdf page 8","SDA and SCL signals ","","","","","","","","","","","","","","","","","","1 total (0 mapped, 1 planned)","0 total (0 mapped, 0 planned)","0 total (0 mapped, 0 planned)"
2.2.1. ,"chk_freeBusIsHigh","CHK","The I2C-bus protocol/SDA and SCL signals/chk_freeBusIsHigh","","I2C_spec_eplanner.vplan","","Planned","","","","","","","","","","","UM10204.pdf page 8"," When the bus is free, both lines are HIGH. The output stages of devices connected to the bus must have an open-drain or open-collector to perform the wired-AND function.","","","","","","","","","","","","","","","","","","","",""
2.3. ,"SDA and SCL logic","","The I2C-bus protocol/SDA and SCL logic","","I2C_spec_eplanner.vplan","","","","","","","","","","","","","UM10204.pdf page 8"," SDA and SCL logic levels ","","","","","","","","","","","","","","","","","","2 total (0 mapped, 2 planned)","0 total (0 mapped, 0 planned)","0 total (0 mapped, 0 planned)"
2.3.1. ,"chk_low=0","CHK","The I2C-bus protocol/SDA and SCL logic/chk_low=0","","I2C_spec_eplanner.vplan","","Planned","","","","","","","","","","","UM10204.pdf page 8","the levels of the logical ‘0’ (LOW) ","","","","","","","","","","","","","","","","","","","",""
2.3.2. ,"chk_high=1","CHK","The I2C-bus protocol/SDA and SCL logic/chk_high=1","","I2C_spec_eplanner.vplan","","Planned","","","","","","","","","","","UM10204.pdf page 8"," ‘1’ (HIGH)","","","","","","","","","","","","","","","","","","","",""
2.4. ,"Data validity","","The I2C-bus protocol/Data validity","","I2C_spec_eplanner.vplan","","","","","","","","","","","","","UM10204.pdf page 8"," Data validity","","","","","","","","","","","","","","","","","","3 total (0 mapped, 3 planned)","0 total (0 mapped, 0 planned)","0 total (0 mapped, 0 planned)"
2.4.1. ,"chk_dataStableWhenSCLHigh","CHK","The I2C-bus protocol/Data validity/chk_dataStableWhenSCLHigh","","I2C_spec_eplanner.vplan","","Planned","","","","","","","","","","","UM10204.pdf page 8","The data on the SDA line must be stable during the HIGH period of the clock. ","","","","","","","","","","","","","","","","","","","",""
2.4.2. ,"chk_dataChangeWhenSCLLow","CHK","The I2C-bus protocol/Data validity/chk_dataChangeWhenSCLLow","","I2C_spec_eplanner.vplan","","Planned","","","","","","","","","","","UM10204.pdf page 8"," The HIGH or LOW state of the data line can only change when the clock signal on the SCL line is LOW (see Figure 4). ","","","","","","","","","","","","","","","","","","","",""
2.4.3. ,"chk_oneClkPulse=oneBit","CHK","The I2C-bus protocol/Data validity/chk_oneClkPulse=oneBit","","I2C_spec_eplanner.vplan","","Planned","","","","","","","","","","","UM10204.pdf page 8"," One clock pulse is generated for each data bit transferred. ","","","","","","","","","","","","","","","","","","","",""
2.5. ,"START and STOP conditions","","The I2C-bus protocol/START and STOP conditions","","I2C_spec_eplanner.vplan","","","","","","","","","","","","","UM10204.pdf page 9"," START and STOP conditions ","","","","","","","","","","","","","","","","","","5 total (0 mapped, 5 planned)","0 total (0 mapped, 0 planned)","0 total (0 mapped, 0 planned)"
2.5.1. ,"chk_controllerGeneratesStartAndStop","CHK","The I2C-bus protocol/START and STOP conditions/chk_controllerGeneratesStartAndStop","","I2C_spec_eplanner.vplan","","Planned","","","","","","","","","","","UM10204.pdf page 9","START and STOP conditions are always generated by the controller. ","","","","","","","","","","","","","","","","","","","",""
2.5.2. ,"chk_startDefiniton","CHK","The I2C-bus protocol/START and STOP conditions/chk_startDefiniton","","I2C_spec_eplanner.vplan","","Planned","","","","","","","","","","","UM10204.pdf page 9"," A HIGH to LOW transition on the SDA line while SCL is HIGH defines a START condition.","","","","","","","","","","","","","","","","","","","",""
2.5.3. ,"chk_stopDefiniton","CHK","The I2C-bus protocol/START and STOP conditions/chk_stopDefiniton","","I2C_spec_eplanner.vplan","","Planned","","","","","","","","","","","UM10204.pdf page 9"," A LOW to HIGH transition on the SDA line while SCL is HIGH defines a STOP condition. ","","","","","","","","","","","","","","","","","","","",""
2.5.4. ,"chk_transactionStartWithStartCondition","CHK","The I2C-bus protocol/START and STOP conditions/chk_transactionStartWithStartCondition","","I2C_spec_eplanner.vplan","","Planned","","","","","","","","","","","UM10204.pdf page 9","All transactions begin with a START (S)","","","","","","","","","","","","","","","","","","","",""
2.5.5. ,"chk_transationStopWithStopCondition","CHK","The I2C-bus protocol/START and STOP conditions/chk_transationStopWithStopCondition","","I2C_spec_eplanner.vplan","","Planned","","","","","","","","","","","UM10204.pdf page 9",") and are terminated by a STOP (P) ","","","","","","","","","","","","","","","","","","","",""
2.6. ,"Byte format","","The I2C-bus protocol/Byte format","","I2C_spec_eplanner.vplan","","","","","","","","","","","","","UM10204.pdf page 9","Byte format ","","","","","","","","","","","","","","","","","","2 total (0 mapped, 2 planned)","0 total (0 mapped, 0 planned)","2 total (0 mapped, 2 planned)"
2.6.1. ,"chk_byteIs8Bits","CHK","The I2C-bus protocol/Byte format/chk_byteIs8Bits","","I2C_spec_eplanner.vplan","","Planned","","","","","","","","","","","UM10204.pdf page 9","Every byte put on the SDA line must be eight bits long. ","","","","","","","","","","","","","","","","","","","",""
2.6.2. ,"chk_ackAfterByte","CHK","The I2C-bus protocol/Byte format/chk_ackAfterByte","","I2C_spec_eplanner.vplan","","Planned","","","","","","","","","","","UM10204.pdf page 9","Each byte must be followed by an Acknowledge bit. ","","","","","","","","","","","","","","","","","","","",""
2.6.3. ,"tst_dataTransferFromMSB","TC","The I2C-bus protocol/Byte format/tst_dataTransferFromMSB","","I2C_spec_eplanner.vplan","","Planned","","","","","","","","","","","UM10204.pdf page 9","Data is transferred with the Most Significant Bit (MSB) f","","","","","","","","","","","","","","","","","","","",""
2.6.4. ,"tst_waitState","TC","The I2C-bus protocol/Byte format/tst_waitState","","I2C_spec_eplanner.vplan","","Planned","","","","","","","","","","","UM10204.pdf page 9","If a target cannot receive or transmit another complete byte of data until it has performed some other function, for example servicing an internal interrupt, it can hold the clock line SCL LOW to force the controller into a wait state. Data transfer then continues when the target is ready for another byte of data and releases clock line SCL. ","","","","","","","","","","","","","","","","","","","",""
2.7. ,"Acknowledge (ACK) and Not Acknowledge (NACK)","","The I2C-bus protocol/Acknowledge (ACK) and Not Acknowledge (NACK)","","I2C_spec_eplanner.vplan","","","","","","","","","","","","","UM10204.pdf page 10"," Acknowledge (ACK) and Not Acknowledge (NACK) ","","","","","","","","","","","","","","","","","","3 total (0 mapped, 3 planned)","1 total (0 mapped, 1 planned)","1 total (0 mapped, 1 planned)"
2.7.1. ,"chk_ackAfterByte","CHK","The I2C-bus protocol/Acknowledge (ACK) and Not Acknowledge (NACK)/chk_ackAfterByte","","I2C_spec_eplanner.vplan","","Planned","","","","","","","","","","","UM10204.pdf page 10","The acknowledge takes place after every byte. The acknowledge bit allows the receiver to signal the transmitter that the byte was successfully received and another byte may be sent.","","","","","","","","","","","","","","","","","","","",""
2.7.2. ,"tst_controllerGeneratesCLKonACK","TC","The I2C-bus protocol/Acknowledge (ACK) and Not Acknowledge (NACK)/tst_controllerGeneratesCLKonACK","","I2C_spec_eplanner.vplan","","Planned","","","","","","","","","","","UM10204.pdf page 10"," The controller generates all clock pulses, including the acknowledge ninth clock pulse. ","","","","","","","","","","","","","","","","","","","",""
2.7.3. ,"chk_ACKDefinition","CHK","The I2C-bus protocol/Acknowledge (ACK) and Not Acknowledge (NACK)/chk_ACKDefinition","","I2C_spec_eplanner.vplan","","Planned","","","","","","","","","","","UM10204.pdf page 10","The Acknowledge signal is defined as follows: the transmitter releases the SDA line during the acknowledge clock pulse so the receiver can pull the SDA line LOW and it remains stable LOW during the HIGH period of this clock pulse (see Figure 4). Set-up and hold times (specified in Section 6) must also be taken into account. ","","","","","","","","","","","","","","","","","","","",""
2.7.4. ,"chk_NACKDefinition","CHK","The I2C-bus protocol/Acknowledge (ACK) and Not Acknowledge (NACK)/chk_NACKDefinition","","I2C_spec_eplanner.vplan","","Planned","","","","","","","","","","","UM10204.pdf page 10","When SDA remains HIGH during this ninth clock pulse, this is defined as the Not Acknowledge signal. The controller can then generate either a STOP condition to abort the transfer, or a repeated START condition to start a new transfer.","","","","","","","","","","","","","","","","","","","",""
2.7.5. ,"cov_conditionsForNACK'","COV","The I2C-bus protocol/Acknowledge (ACK) and Not Acknowledge (NACK)/cov_conditionsForNACK'","","I2C_spec_eplanner.vplan","","Planned","","","","","","","","","","","UM10204.pdf page 10"," There are five conditions that lead to the generation of a NACK: 1. No receiver is present on the bus with the transmitted address so there is no device to respond with an acknowledge. 2. The receiver is unable to receive or transmit because it is performing some real-time function and is not ready to start communication with the controller. 3. During the transfer, the receiver gets data or commands that it does not understand. 4. During the transfer, the receiver cannot receive any more data bytes. 5. A controller-receiver must signal the end of the transfer to the target transmitter. ","","","","","","","","","","","","","","","","","","","",""
2.8. ,"Clock synchronization","","The I2C-bus protocol/Clock synchronization","","I2C_spec_eplanner.vplan","","","","","","","","","","","","","UM10204.pdf page 10"," Clock synchronization ","","","","","","","","","","","","","","","","","","1 total (0 mapped, 1 planned)","0 total (0 mapped, 0 planned)","1 total (0 mapped, 1 planned)"
2.8.1. ,"chk_clkSynchWhenTwoControllersTransmitting","CHK","The I2C-bus protocol/Clock synchronization/chk_clkSynchWhenTwoControllersTransmitting","","I2C_spec_eplanner.vplan","","Planned","","","","","","","","","","","UM10204.pdf page 10","Two controllers can begin transmitting on a free bus at the same time and there must be a method for deciding which takes control of the bus and complete its transmission. This is done by clock synchronization and arbitration. In single controller systems, clock synchronization and arbitration are not needed. ","","","","","","","","","","","","","","","","","","","",""
2.8.2. ,"tst_clkSynchDefiniton","TC","The I2C-bus protocol/Clock synchronization/tst_clkSynchDefiniton","","I2C_spec_eplanner.vplan","","Planned","","","","","","","","","","","UM10204.pdf page 10","Clock synchronization is performed using the wired-AND connection of I2C interfaces to the SCL line. This means that a HIGH to LOW transition on the SCL line causes the controllers concerned to start counting off their LOW period and, once a controller clock has gone LOW, it holds the SCL line in that state until the clock HIGH state is reached (see Figure 7). However, if another clock is still within its LOW period, the LOW to HIGH transition of this clock may not change the state of the SCL line. The SCL line is therefore held LOW by the controller with the longest LOW period. Controllers with shorter LOW periods enter a HIGH wait-state during this time. UM10204 All information provided in this document is subject to legal disclaimers. © NXP B.V. 2021. All rights reserved. User manual Rev. 7.0 — 1 October 2021 10 / 62 NXP Semiconductors UM10204 I2C-bus specification and user manual CLK 1 CLK 2 SCL counter reset wait state start counting HIGH period mbc632 Figure 7.?Clock synchronization during the arbitration procedure When all controllers concerned have counted off their LOW period, the clock line is released and goes HIGH. There is then no difference between the controller clocks and the state of the SCL line, and all the controllers start counting their HIGH periods. The first controller to complete its HIGH period pulls the SCL line LOW again. In this way, a synchronized SCL clock is generated with its LOW period determined by the controller with the longest clock LOW period, and its HIGH period determined by the one with the shortest clock HIGH period. ","","","","","","","","","","","","","","","","","","","",""
2.9. ,"Arbitration","","The I2C-bus protocol/Arbitration","","I2C_spec_eplanner.vplan","","","","","","","","","","","","","UM10204.pdf page 11"," Arbitration ","","","","","","","","","","","","","","","","","","1 total (0 mapped, 1 planned)","0 total (0 mapped, 0 planned)","2 total (0 mapped, 2 planned)"
2.9.1. ,"chk_arbitrationWhenTwoControllersTransmitting","CHK","The I2C-bus protocol/Arbitration/chk_arbitrationWhenTwoControllersTransmitting","","I2C_spec_eplanner.vplan","","Planned","","","","","","","","","","","UM10204.pdf page 11","Arbitration, like synchronization, refers to a portion of the protocol required only if more than one controller is used in the system. Targets are not involved in the arbitration procedure. A controller may start a transfer only if the bus is free. ","","","","","","","","","","","","","","","","","","","",""
2.9.2. ,"tst_arbitrationDefinition","TC","The I2C-bus protocol/Arbitration/tst_arbitrationDefinition","","I2C_spec_eplanner.vplan","","Planned","","","","","","","","","","","UM10204.pdf page 11","Two controllers may generate a START condition within the minimum hold time (tHD STA) of the START condition which results in a valid START condition on the bus. Arbitration is then required to determine which controller will complete its transmission. Arbitration proceeds bit by bit. During every bit, while SCL is HIGH, each controller checks to see if the SDA level matches what it has sent. This process may take many bits. Two controllers can actually complete an entire transaction without error, as long as the transmissions are identical. The first time a controller tries to send a HIGH, but detects that the SDA level is LOW, the controller knows that it has lost the arbitration and turns off its SDA output driver. The other controller goes on to complete its transaction. No information is lost during the arbitration process. A controller that loses the arbitration can generate clock pulses until the end of the byte in which it loses the arbitration and must restart its transaction when the bus is free. If a controller also incorporates a target function and it loses arbitration during the addressing stage, it is possible that the winning controller is trying to address it. The losing controller must therefore switch over immediately to its target mode. ","","","","","","","","","","","","","","","","","","","",""
2.9.3. ,"tst_arbitrationUndefinedCondition","TC","The I2C-bus protocol/Arbitration/tst_arbitrationUndefinedCondition","","I2C_spec_eplanner.vplan","","Planned","","","","","","","","","","","UM10204.pdf page 12","There is an undefined condition if the arbitration procedure is still in progress at the moment when one controller sends a repeated START or a STOP condition while the other controller is still sending data. In other words, the following combinations result in an undefined condition: • Controller 1 sends a repeated START condition and controller 2 sends a data bit. • Controller 1 sends a STOP condition and controller 2 sends a data bit. • Controller 1 sends a repeated START condition and controller 2 sends a STOP condition. ","","","","","","","","","","","","","","","","","","","",""
2.10. ,"Clock stretching","","The I2C-bus protocol/Clock stretching","","I2C_spec_eplanner.vplan","","","","","","","","","","","","","UM10204.pdf page 12","Clock stretching","","","","","","","","","","","","","","","","","","0 total (0 mapped, 0 planned)","0 total (0 mapped, 0 planned)","1 total (0 mapped, 1 planned)"
2.10.1. ,"tst_clkStretchingDefinition","TC","The I2C-bus protocol/Clock stretching/tst_clkStretchingDefinition","","I2C_spec_eplanner.vplan","","Planned","","","","","","","","","","","UM10204.pdf page 12","Clock stretching pauses a transaction by holding the SCL line LOW. The transaction cannot continue until the line is released HIGH again. Clock stretching is optional and in fact, most target devices do not include an SCL driver so they are unable to stretch the clock. On the byte level, a device may be able to receive bytes of data at a fast rate, but needs more time to store a received byte or prepare another byte to be transmitted. Targets can then hold the SCL line LOW after reception and acknowledgment of a byte to force the controller into a wait state until the target is ready for the next byte transfer in a type of handshake procedure (see Figure 7). On the bit level, a device such as a microcontroller with or without limited hardware for the I2C-bus, can slow down the bus clock by extending each clock LOW period. The speed of any controller is adapted to the internal operating rate of this device.","","","","","","","","","","","","","","","","","","","",""
2.11. ,"The target address and RW bit","","The I2C-bus protocol/The target address and RW bit","","I2C_spec_eplanner.vplan","","","","","","","","","","","","","UM10204.pdf page 12"," The target address and R/W bit ","","","","","","","","","","","","","","","","","","4 total (0 mapped, 4 planned)","0 total (0 mapped, 0 planned)","7 total (0 mapped, 7 planned)"
2.11.1. ,"tst_ByteFormat","TC","The I2C-bus protocol/The target address and RW bit/tst_ByteFormat","","I2C_spec_eplanner.vplan","","Planned","","","","","","","","","","","UM10204.pdf page 12"," After the START condition (S), a target address is sent. This address is seven bits long followed by an eighth bit which is a data direction bit (R/W) — a ‘zero’ indicates a transmission (WRITE), a ‘one’ indicates a request for data (READ) (refer to Figure 10). A data transfer is always terminated by UM10204 All information provided in this document is subject to legal disclaimers. © NXP B.V. 2021. All rights reserved. User manual Rev. 7.0 — 1 October 2021 12 / 62 NXP Semiconductors UM10204 I2C-bus specification and user manual a STOP condition (P) generated by the controller. ","","","","","","","","","","","","","","","","","","","",""
2.11.2. ,"chk_RWBit(0 = write)","CHK","The I2C-bus protocol/The target address and RW bit/chk_RWBit(0 = write)","","I2C_spec_eplanner.vplan","","Planned","","","","","","","","","","","UM10204.pdf page 12"," a ‘zero’ indicates a transmission (WRITE),","","","","","","","","","","","","","","","","","","","",""
2.11.3. ,"chk_RWBit(1 = read)","CHK","The I2C-bus protocol/The target address and RW bit/chk_RWBit(1 = read)","","I2C_spec_eplanner.vplan","","Planned","","","","","","","","","","","UM10204.pdf page 12","a ‘one’ indicates a request for data (READ) ","","","","","","","","","","","","","","","","","","","",""
2.11.4. ,"chk_repeatedStartToKeepBusBusy","CHK","The I2C-bus protocol/The target address and RW bit/chk_repeatedStartToKeepBusBusy","","I2C_spec_eplanner.vplan","","Planned","","","","","","","","","","","UM10204.pdf page 13","However, if a controller still wishes to communicate on the bus, it can generate a repeated START condition (Sr) and address another target without first generating a STOP condition. ","","","","","","","","","","","","","","","","","","","",""
2.11.5. ,"tst_writeTransaction","TC","The I2C-bus protocol/The target address and RW bit/tst_writeTransaction","","I2C_spec_eplanner.vplan","","Planned","","","","","","","","","","","UM10204.pdf page 13"," Controller-transmitter transmits to target-receiver. The transfer direction is not changed (see Figure 11). The target receiver acknowledges each byte. ","","","","","","","","","","","","","","","","","","","",""
2.11.6. ,"tst_readTransaction","TC","The I2C-bus protocol/The target address and RW bit/tst_readTransaction","","I2C_spec_eplanner.vplan","","Planned","","","","","","","","","","","UM10204.pdf page 13"," Controller reads target immediately after first byte (see Figure 12). At the moment of the first acknowledge, the controller-transmitter becomes a controller-receiver and the target-receiver becomes a target-transmitter. This first acknowledge is still generated by the target. The controller generates subsequent acknowledges. The STOP condition is generated by the controller, which sends a not-acknowledge (A) just before the STOP condition.","","","","","","","","","","","","","","","","","","","",""
2.11.7. ,"tst_combinedFormat","TC","The I2C-bus protocol/The target address and RW bit/tst_combinedFormat","","I2C_spec_eplanner.vplan","","Planned","","","","","","","","","","","UM10204.pdf page 13","• Combined format (see Figure 13). During a change of direction within a transfer, the START condition and the target address are both repeated, but with the R/W bit reversed. If a controller-receiver sends a repeated START condition, it sends a not- acknowledge (A) just before the repeated START condition. ","","","","","","","","","","","","","","","","","","","",""
2.11.8. ,"tst_combinedFormatForMemoryAddressing","TC","The I2C-bus protocol/The target address and RW bit/tst_combinedFormatForMemoryAddressing","","I2C_spec_eplanner.vplan","","Planned","","","","","","","","","","","UM10204.pdf page 13"," Combined formats can be used, for example, to control a serial memory. The internal memory location must be written during the first data byte. After the START condition and target address is repeated, data can be transferred. ","","","","","","","","","","","","","","","","","","","",""
2.11.9. ,"tst_memoryHandlingDesignedByEachDevice","TC","The I2C-bus protocol/The target address and RW bit/tst_memoryHandlingDesignedByEachDevice","","I2C_spec_eplanner.vplan","","Planned","","","","","","","","","","","UM10204.pdf page 13",". All decisions on auto-increment or decrement of previously accessed memory locations, etc., are taken by the designer of the device. ","","","","","","","","","","","","","","","","","","","",""
2.11.10. ,"chk_resetAfterStart","CHK","The I2C-bus protocol/The target address and RW bit/chk_resetAfterStart","","I2C_spec_eplanner.vplan","","Planned","","","","","","","","","","","UM10204.pdf page 13","I2C-bus compatible devices must reset their bus logic on receipt of a START or repeated START condition such that they all anticipate the sending of a target UM10204 All information provided in this document is subject to legal disclaimers. © NXP B.V. 2021. All rights reserved. User manual Rev. 7.0 — 1 October 2021 13 / 62 NXP Semiconductors UM10204 I2C-bus specification and user manual address, even if these START conditions are not positioned according to the proper format. ","","","","","","","","","","","","","","","","","","","",""
2.11.11. ,"tst_stopAfterStartIllegal","TC","The I2C-bus protocol/The target address and RW bit/tst_stopAfterStartIllegal","","I2C_spec_eplanner.vplan","","Planned","","","","","","","","","","","UM10204.pdf page 14"," A START condition immediately followed by a STOP condition (void message) is an illegal format. Many devices however are designed to operate properly under this condition. ","","","","","","","","","","","","","","","","","","","",""
3. ,"10-bit addressing","","10-bit addressing","","I2C_spec_eplanner.vplan","","","","","","","","","","","","","UM10204.pdf page 15","10-bit addressing","","","","","","","","","","","","","","","","","","1 total (0 mapped, 1 planned)","0 total (0 mapped, 0 planned)","3 total (0 mapped, 3 planned)"
3.1. ,"tst_addrIsFirstTwoBytes","TC","10-bit addressing/tst_addrIsFirstTwoBytes","","I2C_spec_eplanner.vplan","","Planned","","","","","","","","","","","UM10204.pdf page 15","The 10-bit target address is formed from the first two bytes following a START condition (S) or a repeated START condition (Sr). The first seven bits of the first byte are the combination 1111 0XX of which the last two bits (XX) are the two Most-Significant Bits (MSB) of the 10-bit address the eighth bit of the first byte is the R/W bit that determines the direction of the message. Although there are eight possible combinations of the reserved address bits 1111 XXX, only the four combinations 1111 0XX are used for 10-bit addressing. The remaining four combinations 1111 1XX are reserved for future I2C-bus enhancements. ","","","","","","","","","","","","","","","","","","","",""
3.2. ,"tst_10BitWrite","TC","10-bit addressing/tst_10BitWrite","","I2C_spec_eplanner.vplan","","Planned","","","","","","","","","","","UM10204.pdf page 15"," Controller-transmitter transmits to target-receiver with a 10-bit target address. The transfer direction is not changed (see Figure 14). When a 10-bit address follows a START condition, each target compares the first seven bits of the first byte of the target address (1111 0XX) with its own address and tests if the eighth bit (R/W direction bit) is 0. It is possible that more than one device finds a match and generate an acknowledge (A1). All targets that found a match compare the eight bits of the second byte of the target address (XXXX XXXX) with their own addresses, but only one target finds a match and generates an acknowledge (A2). The matching target remains addressed by the controller until it receives a STOP condition (P) or a repeated START condition (Sr) followed by a different target address. ","","","","","","","","","","","","","","","","","","","",""
3.3. ,"tst_10BitRead","TC","10-bit addressing/tst_10BitRead","","I2C_spec_eplanner.vplan","","Planned","","","","","","","","","","","UM10204.pdf page 15","Controller-receiver reads target-transmitter with a 10-bit target address. The transfer direction is changed after the second R/W bit (Figure 15). Up to and including acknowledge bit A2, the procedure is the same as that described for a controller- transmitter addressing a target-receiver. After the repeated START condition (Sr), a matching target remembers that it was addressed before. This target then checks if the first seven bits of the first byte of the target address following Sr are the same as they were after the START condition (S), and tests if the eighth (R/W) bit is 1. If there is a match, the target considers that it has been addressed as a transmitter and generates acknowledge A3. The target-transmitter remains addressed until it receives a STOP condition (P) or until it receives another repeated START condition (Sr) followed by a different target address. After a repeated START condition (Sr), all the other target devices will also compare the first seven bits of the first byte of the target address (1111 0XX) with their own addresses and test the eighth (R/W) bit. However, none of them will be addressed because R/W = 1 (for 10-bit devices), or the 1111 0XX target address (for 7-bit devices) does not match.","","","","","","","","","","","","","","","","","","","",""
3.4. ,"chk_10BitGeneralCall","CHK","10-bit addressing/chk_10BitGeneralCall","","I2C_spec_eplanner.vplan","","Planned","","","","","","","","","","","UM10204.pdf page 16","Target devices with 10-bit addressing react to a ‘general call’ in the same way as target devices with 7-bit addressing. Hardware controllers can transmit their 10-bit address after a ‘general call’. In this case, the ‘general call’ address byte is followed by two successive bytes containing the 10-bit address of the controller-transmitter. The format is as shown in Figure 15 where the first DATA byte contains the eight least-significant bits of the controller address. ","","","","","","","","","","","","","","","","","","","",""
4. ,"Reserved addresses","","Reserved addresses","","I2C_spec_eplanner.vplan","","","","","","","","","","","","","UM10204.pdf page 16"," Reserved addresses ","","","","","","","","","","","","","","","","","","3 total (0 mapped, 3 planned)","1 total (0 mapped, 1 planned)","3 total (0 mapped, 3 planned)"
4.1. ,"cov_reservedAddresses","COV","Reserved addresses/cov_reservedAddresses","","I2C_spec_eplanner.vplan","","Planned","","","","","","","","","","","UM10204.pdf page 16","Two groups of eight addresses (0000 XXX and 1111 XXX) are reserved for the purposes shown in Table 4. X = don’t care 1 = HIGH 0 = LOW. Target address R/W bit Description 0000 000 0 general call address[1] 0000 000 1 START byte[2] 0000 001 X CBUS address[3] 0000 010 X reserved for different bus format[4] 0000 011 X reserved for future purposes 0000 1XX X Hs-mode controller code 1111 1XX 1 device ID 1111 0XX X 10-bit target addressing Table 4.?Reserved addresses [1] The general call address is used for several functions including software reset. [2] No device is allowed to acknowledge at the reception of the START byte. [3] The CBUS address has been reserved to enable the inter-mixing of CBUS compatible and I2C-bus compatible devices in the same system. I2C-bus compatible devices are not allowed to respond on reception of this address. [4] The address reserved for a different bus format is included to enable I2C and other protocols to be mixed. Only I2C-bus compatible devices that can work with such formats and protocols are allowed to respond to this address. Assignment of addresses within a local system is up to the system architect who must take into account the devices being used on the bus and any future interaction with other conventional I2C-buses. For example, a device with seven user-assignable address pins allows all 128 addresses to be assigned. If it is known that the reserved address is never going to be used for its intended purpose, a reserved address can be used for a target address. ","","","","","","","","","","","","","","","","","","","",""
4.2. ,"chk_ignoreGeneralCall","CHK","Reserved addresses/chk_ignoreGeneralCall","","I2C_spec_eplanner.vplan","","Planned","","","","","","","","","","","UM10204.pdf page 17"," A target who cannot process one of these bytes must ignore it by not-acknowledging.","","","","","","","","","","","","","","","","","","","",""
4.3. ,"tst_generalCallResetAndWrite","TC","Reserved addresses/tst_generalCallResetAndWrite","","I2C_spec_eplanner.vplan","","Planned","","","","","","","","","","","UM10204.pdf page 17"," 0000 0110 (06h): Reset and write programmable part of target address by hardware. On receiving this 2-byte sequence, all devices designed to respond to the general call address reset and take in the programmable part of their address. Precautions must be taken to ensure that a device is not pulling down the SDA or SCL line after applying the supply voltage, since these low levels would block the bus. ","","","","","","","","","","","","","","","","","","","",""
4.4. ,"tst_generalCallWrite","TC","Reserved addresses/tst_generalCallWrite","","I2C_spec_eplanner.vplan","","Planned","","","","","","","","","","","UM10204.pdf page 17"," 0000 0100 (04h): Write programmable part of target address by hardware. Behaves as above, but the device does not reset. ","","","","","","","","","","","","","","","","","","","",""
4.5. ,"chk_startByteNoAck","CHK","Reserved addresses/chk_startByteNoAck","","I2C_spec_eplanner.vplan","","Planned","","","","","","","","","","","UM10204.pdf page 19"," No device is allowed to acknowledge the START byte. ","","","","","","","","","","","","","","","","","","","",""
4.6. ,"tst_getDeviceID'","TC","Reserved addresses/tst_getDeviceID'","","I2C_spec_eplanner.vplan","","Planned","","","","","","","","","","","UM10204.pdf page 20","The Device ID is read-only, hard-wired in the device and can be accessed as follows: 1. START condition 2. The controller sends the Reserved Device ID I2C-bus address followed by the R/W bit set to ‘0’ (write): ‘1111 1000’. 3. The controller sends the I2C-bus target address of the target device it must identify. The LSB is a ‘Don’t care’ value. Only one device must acknowledge this byte (the one that has the I2C-bus target address). 4. The controller sends a Re-START condition. Remark: A STOP condition followed by a START condition resets the target state machine and the Device ID Read cannot be performed. Also, a STOP condition or a Re-START condition followed by an access to another target device resets the target state machine and the Device ID Read cannot be performed. 5. The controller sends the Reserved Device ID I2C-bus address followed by the R/W bit set to ‘1’ (read): ‘1111 1001’. 6. The Device ID Read can be done, starting with the 12 manufacturer bits (first byte + four MSBs of the second byte), followed by the nine part identification bits (four LSBs of the second byte + five MSBs of the third byte), and then the three die revision bits (three LSBs of the third byte). 7. The controller ends the reading sequence by NACKing the last byte, thus resetting the target device state machine and allowing the controller to send the STOP condition. Remark: The reading of the Device ID can be stopped anytime by sending a NACK. ","","","","","","","","","","","","","","","","","","","",""
4.7. ,"chk_slaveKeepsSendingDeviceID","CHK","Reserved addresses/chk_slaveKeepsSendingDeviceID","","I2C_spec_eplanner.vplan","","Planned","","","","","","","","","","","UM10204.pdf page 20","If the controller continues to ACK the bytes after the third byte, the target rolls back to the first byte and keeps sending the Device ID sequence until a NACK has been detected. ","","","","","","","","","","","","","","","","","","","",""
5. ,"Ultra Fast-mode I2C-bus protocol","","Ultra Fast-mode I2C-bus protocol","","I2C_spec_eplanner.vplan","","","","","","","","","","","","","UM10204.pdf page 21"," Ultra Fast-mode I2C-bus protocol ","","","","","","","","","","","","","","","","","","1 total (0 mapped, 1 planned)","2 total (0 mapped, 2 planned)","4 total (0 mapped, 4 planned)"
5.1. ,"tst_UFMStartByte","TC","Ultra Fast-mode I2C-bus protocol/tst_UFMStartByte","","I2C_spec_eplanner.vplan","","Planned","","","","","","","","","","","UM10204.pdf page 29","3.2.12 START byte Microcontrollers can be connected to the I2C-bus in two ways. A microcontroller with an on-chip hardware I2C-bus interface can be programmed to be only interrupted by requests from the bus. When the device does not have such an interface, it must constantly monitor the bus via software. Obviously, the more times the microcontroller monitors, or polls the bus, the less time it can spend carrying out its intended function. There is therefore a speed difference between fast hardware devices and a relatively slow microcontroller which relies on software polling. In this case, data transfer can be preceded by a start procedure which is much longer than normal (see Figure 31). The start procedure consists of: • A START condition (S) • A START byte (0000 0001) • A Not Acknowledge clock pulse (NACK) • A repeated START condition (Sr) 002aag663 S 9 8 2 1 Sr 7 NACK dummy acknowledge (HIGH) START byte 0000 0001 USDA USCL Figure 31.?START byte procedure After the START condition S has been transmitted by a controller which requires bus access, the START byte (0000 0001) is transmitted. Another microcontroller can therefore sample the USDA line at a low sampling rate until one of the seven zeros in the START byte is detected. After detection of this LOW level on the USDA line, the microcontroller can switch to a higher sampling rate to find the repeated START condition Sr, which is then used for synchronization. A hardware receiver resets upon receipt of the repeated START condition Sr and therefore ignores the START byte. An acknowledge- related clock pulse is generated after the START byte. This is present only to conform with the byte handling format used on the bus. No device is allowed to acknowledge the START byte. ","","","","","","","","","","","","","","","","","","","",""
5.2. ,"cov_UFMFeatures","COV","Ultra Fast-mode I2C-bus protocol/cov_UFMFeatures","","I2C_spec_eplanner.vplan","","Planned","","","","","","","","","","","UM10204.pdf page 23","Feature Single controller START condition M STOP condition M Acknowledge n/p Synchronization n/p Arbitration n/p Clock stretching n/p 7-bit target address M 10-bit target address O General Call address O Software Reset O START byte O Device ID n/p ","","","","","","","","","","","","","","","","","","","",""
5.3. ,"chk_slaveNoACK","CHK","Ultra Fast-mode I2C-bus protocol/chk_slaveNoACK","","I2C_spec_eplanner.vplan","","Planned","","","","","","","","","","","UM10204.pdf page 25","3.2.6 Acknowledge (ACK) and Not Acknowledge (NACK) Since the targets are not able to respond the ninth clock cycle, the ACK and NACK are not required. However, the clock cycle is preserved in the UFm to be compatible with the I2C-bus protocol. The ACK and NACK are also referred to as the ninth clock cycle. The controller generates all clock pulses, including the ninth clock pulse. The ninth data bit is always driven HIGH (‘1’). Target devices are not allowed to drive the SDA line at any time. ","","","","","","","","","","","","","","","","","","","",""
5.4. ,"tst_UFMOnlyWrite","TC","Ultra Fast-mode I2C-bus protocol/tst_UFMOnlyWrite","","I2C_spec_eplanner.vplan","","Planned","","","","","","","","","","","UM10204.pdf page 25"," This address is seven bits long followed by an eighth bit which is a data direction bit (W) — a ‘zero’ indicates a transmission (WRITE) a ‘one’ indicates a request for data (READ) and is not supported by UFm (except for the START byte, Section 3.2.12) since the communication is unidirectional (refer to Figure 27).","","","","","","","","","","","","","","","","","","","",""
5.5. ,"tst_UFMDataTransfer","TC","Ultra Fast-mode I2C-bus protocol/tst_UFMDataTransfer","","I2C_spec_eplanner.vplan","","Planned","","","","","","","","","","","UM10204.pdf page 26","The UFm data transfer format is: • Controller-transmitter transmits to target-receiver. The transfer direction is not changed (see Figure 28). The controller never acknowledges because it never receives any data but generates the ‘1’ on the ninth bit for the target to conform to the I2C-bus protocol. ","","","","","","","","","","","","","","","","","","","",""
5.6. ,"tst_UFM10Bit","TC","Ultra Fast-mode I2C-bus protocol/tst_UFM10Bit","","I2C_spec_eplanner.vplan","","Planned","","","","","","","","","","","UM10204.pdf page 27","Controller-transmitter transmits to target-receiver with a 10-bit target address. The transfer direction is not changed (see Figure 29). When a 10-bit address follows a START condition, each target compares the first seven bits of the first byte of the target address (1111 0XX) with its own address and tests if the eighth bit (R/W direction bit) is 0 (W). All targets that found a match compare the eight bits of the second byte of the target address (XXXX XXXX) with their own addresses, but only one target finds a match. The matching target remains addressed by the controller until it receives a STOP condition (P) or a repeated START condition (Sr) followed by a different target address. ","","","","","","","","","","","","","","","","","","","",""
5.7. ,"cov_UFMReservedAddresses","COV","Ultra Fast-mode I2C-bus protocol/cov_UFMReservedAddresses","","I2C_spec_eplanner.vplan","","Planned","","","","","","","","","","","UM10204.pdf page 27","Target address R/W bit Description 0000 000 0 general call address[1] 0000 000 1 START byte[2] 0000 001 X reserved for future purposes 0000 010 X reserved for future purposes 0000 011 X reserved for future purposes 0000 1XX X reserved for future purposes 1111 1XX X reserved for future purposes 1111 0XX X 10-bit target addressing ","","","","","","","","","","","","","","","","","","","",""
6. ,"Bus speeds","","Bus speeds","","I2C_spec_eplanner.vplan","","","","","","","","","","","","","UM10204.pdf page 33"," Bus speeds ","","","","","","","","","","","","","","","","","","2 total (0 mapped, 2 planned)","0 total (0 mapped, 0 planned)","2 total (0 mapped, 2 planned)"
6.1. ,"chk_CtrlHighToLowCLKRatio1To2","CHK","Bus speeds/chk_CtrlHighToLowCLKRatio1To2","","I2C_spec_eplanner.vplan","","Planned","","","","","","","","","","","UM10204.pdf page 34"," Hs-mode controller devices generate a serial clock signal with a HIGH to LOW ratio of 1 to 2. This relieves the timing requirements for set-up and hold times. ","","","","","","","","","","","","","","","","","","","",""
6.2. ,"tst_highSpeedModeStartConditions","TC","Bus speeds/tst_highSpeedModeStartConditions","","I2C_spec_eplanner.vplan","","Planned","","","","","","","","","","","UM10204.pdf page 36","Serial data transfer format in Hs-mode meets the Standard-mode I2C-bus specification. Hs-mode can only commence after the following conditions (all of which are in F/S- mode): 1. START condition (S) 2. 8-bit controller code (0000 1XXX) 3. Not-acknowledge bit (A) ","","","","","","","","","","","","","","","","","","","",""
6.3. ,"tst_highSpeedModeAfterStartCond","TC","Bus speeds/tst_highSpeedModeAfterStartCond","","I2C_spec_eplanner.vplan","","Planned","","","","","","","","","","","UM10204.pdf page 36","The active controller then sends a repeated START condition (Sr) followed by a 7-bit target address (or 10-bit target address, see Section 3.1.11) with a R/W bit address, and receives an acknowledge bit (A) from the selected target. ","","","","","","","","","","","","","","","","","","","",""
6.4. ,"chk_goBackToStandardSpeedAfterStopInHighSpeed","CHK","Bus speeds/chk_goBackToStandardSpeedAfterStopInHighSpeed","","I2C_spec_eplanner.vplan","","Planned","","","","","","","","","","","UM10204.pdf page 36","Data transfer continues in Hs-mode after the next repeated START (Sr), and only switches back to F/S-mode after a STOP condition (P).","","","","","","","","","","","","","","","","","","","",""
7. ,"Electrical specifications and timing","","Electrical specifications and timing","","I2C_spec_eplanner.vplan","","","","","","","","","","","","","UM10204.pdf page 43"," Electrical specifications and timing for I/O stages and bus lines ","","","","","","","","","","","","","","","","","","20 total (0 mapped, 20 planned)","0 total (0 mapped, 0 planned)","0 total (0 mapped, 0 planned)"
7.1. ,"High Speed Timings","","Electrical specifications and timing/High Speed Timings","","I2C_spec_eplanner.vplan","","","","","","","","","","","","","UM10204.pdf page 47","?Characteris","","","","","","","","","","","","","","","","","","6 total (0 mapped, 6 planned)","0 total (0 mapped, 0 planned)","0 total (0 mapped, 0 planned)"
7.1.1. ,"chk_SCLHFreq","CHK","Electrical specifications and timing/High Speed Timings/chk_SCLHFreq","","I2C_spec_eplanner.vplan","","Planned","","","","","","","","","","","UM10204.pdf page 47","fSCLH SCLH clock frequency 0 3.4 0 1.7 MHz ","","","","","","","","","","","","","","","","","","","",""
7.1.2. ,"chk_setupTimeSr","CHK","Electrical specifications and timing/High Speed Timings/chk_setupTimeSr","","I2C_spec_eplanner.vplan","","Planned","","","","","","","","","","","UM10204.pdf page 47","tSU STA set-up time for a repeated START condition 160 - 160 - ns ","","","","","","","","","","","","","","","","","","","",""
7.1.3. ,"chk_holdTimeSr","CHK","Electrical specifications and timing/High Speed Timings/chk_holdTimeSr","","I2C_spec_eplanner.vplan","","Planned","","","","","","","","","","","UM10204.pdf page 47","tHD STA hold time (repeated) START condition 160 - 160 - ns ","","","","","","","","","","","","","","","","","","","",""
7.1.4. ,"chk_SCLPeriod","CHK","Electrical specifications and timing/High Speed Timings/chk_SCLPeriod","","I2C_spec_eplanner.vplan","","Planned","","","","","","","","","","","UM10204.pdf page 47","tLOW LOW period of the SCL clock 160 - 320 - ns tHIGH HIGH period of the SCL clock 60 - 120 - ns ","","","","","","","","","","","","","","","","","","","",""
7.1.5. ,"chk_dataSetupHoldTime","CHK","Electrical specifications and timing/High Speed Timings/chk_dataSetupHoldTime","","I2C_spec_eplanner.vplan","","Planned","","","","","","","","","","","UM10204.pdf page 47","tSU DAT data set-up time 10 - 10 - ns tHD DAT data hold time 0[3] 70 0[3] 150 ns ","","","","","","","","","","","","","","","","","","","",""
7.1.6. ,"chk_stopSetupTime","CHK","Electrical specifications and timing/High Speed Timings/chk_stopSetupTime","","I2C_spec_eplanner.vplan","","Planned","","","","","","","","","","","UM10204.pdf page 47","tSU STO set-up time for STOP condition 160 - 160 - ns ","","","","","","","","","","","","","","","","","","","",""
7.2. ,"Ultra Fast Speed Timings","","Electrical specifications and timing/Ultra Fast Speed Timings","","I2C_spec_eplanner.vplan","","","","","","","","","","","","","UM10204.pdf page 49","?UFm I2C-bus frequency and timing specifications ","","","","","","","","","","","","","","","","","","6 total (0 mapped, 6 planned)","0 total (0 mapped, 0 planned)","0 total (0 mapped, 0 planned)"
7.2.1. ,"chk_SCLFreq","CHK","Electrical specifications and timing/Ultra Fast Speed Timings/chk_SCLFreq","","I2C_spec_eplanner.vplan","","Planned","","","","","","","","","","","UM10204.pdf page 49","fUSCL USCL clock frequency 0 5000 kHz ","","","","","","","","","","","","","","","","","","","",""
7.2.2. ,"chk_stopStartFreeTime","CHK","Electrical specifications and timing/Ultra Fast Speed Timings/chk_stopStartFreeTime","","I2C_spec_eplanner.vplan","","Planned","","","","","","","","","","","UM10204.pdf page 49","tBUF bus free time between a STOP and START condition 80 - ns ","","","","","","","","","","","","","","","","","","","",""
7.2.3. ,"chk_startHoldTime","CHK","Electrical specifications and timing/Ultra Fast Speed Timings/chk_startHoldTime","","I2C_spec_eplanner.vplan","","Planned","","","","","","","","","","","UM10204.pdf page 49","tHD STA hold time (repeated) START condition 50 - ns ","","","","","","","","","","","","","","","","","","","",""
7.2.4. ,"chk_setupTimeSr","CHK","Electrical specifications and timing/Ultra Fast Speed Timings/chk_setupTimeSr","","I2C_spec_eplanner.vplan","","Planned","","","","","","","","","","","UM10204.pdf page 49","tSU STA set-up time for a repeated START condition 50 - ns ","","","","","","","","","","","","","","","","","","","",""
7.2.5. ,"chk_stopSetupTime","CHK","Electrical specifications and timing/Ultra Fast Speed Timings/chk_stopSetupTime","","I2C_spec_eplanner.vplan","","Planned","","","","","","","","","","","UM10204.pdf page 49","tSU STO set-up time for STOP condition 50 - ns ","","","","","","","","","","","","","","","","","","","",""
7.2.6. ,"chk_dataSetupHoldTime","CHK","Electrical specifications and timing/Ultra Fast Speed Timings/chk_dataSetupHoldTime","","I2C_spec_eplanner.vplan","","Planned","","","","","","","","","","","UM10204.pdf page 49","tHD DAT data hold time 10 - ns tVD DAT data valid time [1] 10 - ns tSU DAT data set-up time 30 - ns ","","","","","","","","","","","","","","","","","","","",""
7.3. ,"chk_SCLClockFreq","CHK","Electrical specifications and timing/chk_SCLClockFreq","","I2C_spec_eplanner.vplan","","Planned","","","","","","","","","","","UM10204.pdf page 44","fSCL SCL clock frequency 0 100 0 400 0 1000 kHz ","","","","","","","","","","","","","","","","","","","",""
7.4. ,"chk_startHoldTime","CHK","Electrical specifications and timing/chk_startHoldTime","","I2C_spec_eplanner.vplan","","Planned","","","","","","","","","","","UM10204.pdf page 44","tHD STA hold time (repeated) START condition After this period, the first clock pulse is generated. 4.0 - 0.6 - 0.26 - ?s ","","","","","","","","","","","","","","","","","","","",""
7.5. ,"chk_SCLPeriod","CHK","Electrical specifications and timing/chk_SCLPeriod","","I2C_spec_eplanner.vplan","","Planned","","","","","","","","","","","UM10204.pdf page 44","tLOW LOW period of the SCL clock 4.7 - 1.3 - 0.5 - ?s tHIGH HIGH period of the SCL clock 4.0 - 0.6 - 0.26 - ?s ","","","","","","","","","","","","","","","","","","","",""
7.6. ,"chk_repeatedStartSetupTime","CHK","Electrical specifications and timing/chk_repeatedStartSetupTime","","I2C_spec_eplanner.vplan","","Planned","","","","","","","","","","","UM10204.pdf page 44","tSU STA set-up time for a repeated START condition 4.7 - 0.6 - 0.26 - ?s ","","","","","","","","","","","","","","","","","","","",""
7.7. ,"chk_dataHoldSetUpTime","CHK","Electrical specifications and timing/chk_dataHoldSetUpTime","","I2C_spec_eplanner.vplan","","Planned","","","","","","","","","","","UM10204.pdf page 44","tHD DAT data hold time [1] I2C-bus devices 0 [2] - [3] 0 [2] - [3] 0 - ?s tSU DAT data set-up time 250 - 100 [4] - 50 - ns ","","","","","","","","","","","","","","","","","","","",""
7.8. ,"chk_dataValidTime","CHK","Electrical specifications and timing/chk_dataValidTime","","I2C_spec_eplanner.vplan","","Planned","","","","","","","","","","","UM10204.pdf page 44","tVD DAT data valid time [10] - 3.45 [3] - 0.9 [3] - 0.45 [3] ?s tVD ACK data valid acknowledge time [11] - 3.45 [3] - 0.9 [3] - 0.45 [3] ?s ","","","","","","","","","","","","","","","","","","","",""
7.9. ,"chk_stopSetUpTime","CHK","Electrical specifications and timing/chk_stopSetUpTime","","I2C_spec_eplanner.vplan","","Planned","","","","","","","","","","","UM10204.pdf page 44","tSU STO set-up time for STOP condition 4.0 - 0.6 - 0.26 - ?s ","","","","","","","","","","","","","","","","","","","",""
7.10. ,"chk_stopStartFreeTime","CHK","Electrical specifications and timing/chk_stopStartFreeTime","","I2C_spec_eplanner.vplan","","Planned","","","","","","","","","","","UM10204.pdf page 44","tBUF bus free time between a STOP and START condition 4.7 - 1.3 - 0.5 - ?s ","","","","","","","","","","","","","","","","","","","",""
8. ,"New section","","New section","","I2C_spec_eplanner.vplan","","","","","","","","","","","","","","","","","","","","","","","","","","","","","","","","1 total (0 mapped, 1 planned)","0 total (0 mapped, 0 planned)","0 total (0 mapped, 0 planned)"
8.1. ,"chk_SCLPeriod","CHK","New section/chk_SCLPeriod","","I2C_spec_eplanner.vplan","","Planned","","","","","","","","","","","UM10204.pdf page 49","tLOW LOW period of the USCL clock 50 - ns tHIGH HIGH period of the USCL clock 50 - ns ","","","","","","","","","","","","","","","","","","","",""
